order,gender,home,university,major,before.university,post.university,qq.time,wechat.time,qq.strangers,qq.friends,qq.useful,qq.facilities,qq.knowledge,qq.easy,qq.privacy,qq.enjoyful,qq.habit,qq.social,qq.social.2,qq.important,qq.good,wechat.strangers,wechat.friends,wechat.useful,wechat.facilities,wechat.knowledge,wechat.easy,wechat.privacy,wechat.enjoyful,wechat.habit,wechat.social,wechat.social.2,wechat.important,wechat.good,第9题(功能各有所长),第9题(都用使用需求和使用场景),第9题(社交圈在QQ和微信大致相似),第9题(无所谓，随便用),第9题(其他)
9,2,2,1,1,1,2,1,3,-3,-3,-3,-3,-3,-3,-3,-3,-3,-3,-3,-3,-3,1,6,6,7,7,7,2,4,6,6,6,6,4,-3,-3,-3,-3,-3
10,2,2,1,1,1,3,2,2,-3,-3,-3,-3,-3,-3,-3,-3,-3,-3,-3,-3,-3,-3,-3,-3,-3,-3,-3,-3,-3,-3,-3,-3,-3,-3,0,1,0,0,0
11,1,3,1,1,3,3,2,3,-3,-3,-3,-3,-3,-3,-3,-3,-3,-3,-3,-3,-3,-3,-3,-3,-3,-3,-3,-3,-3,-3,-3,-3,-3,-3,0,1,0,0,0
12,1,2,1,1,1,2,1,3,-3,-3,-3,-3,-3,-3,-3,-3,-3,-3,-3,-3,-3,6,6,7,7,7,6,4,6,6,7,5,6,6,-3,-3,-3,-3,-3
13,1,2,1,1,1,2,4,4,-3,-3,-3,-3,-3,-3,-3,-3,-3,-3,-3,-3,-3,4,6,7,7,7,7,6,7,7,4,4,7,6,-3,-3,-3,-3,-3
14,2,1,1,1,1,1,4,3,4,6,6,7,7,7,5,5,6,4,5,5,5,-3,-3,-3,-3,-3,-3,-3,-3,-3,-3,-3,-3,-3,-3,-3,-3,-3,-3
15,1,1,1,1,1,2,3,4,-3,-3,-3,-3,-3,-3,-3,-3,-3,-3,-3,-3,-3,5,5,7,7,7,7,3,6,7,5,4,7,6,-3,-3,-3,-3,-3
16,2,2,2,4,3,3,1,3,-3,-3,-3,-3,-3,-3,-3,-3,-3,-3,-3,-3,-3,-3,-3,-3,-3,-3,-3,-3,-3,-3,-3,-3,-3,-3,1,0,0,0,0
17,1,2,1,1,1,3,4,4,-3,-3,-3,-3,-3,-3,-3,-3,-3,-3,-3,-3,-3,-3,-3,-3,-3,-3,-3,-3,-3,-3,-3,-3,-3,-3,1,1,1,1,0
18,2,3,1,1,2,2,1,4,-3,-3,-3,-3,-3,-3,-3,-3,-3,-3,-3,-3,-3,4,4,5,6,6,5,5,6,7,4,3,4,4,-3,-3,-3,-3,-3
19,2,1,1,1,1,3,2,2,-3,-3,-3,-3,-3,-3,-3,-3,-3,-3,-3,-3,-3,-3,-3,-3,-3,-3,-3,-3,-3,-3,-3,-3,-3,-3,1,0,0,0,0
20,2,2,1,1,1,2,2,4,-3,-3,-3,-3,-3,-3,-3,-3,-3,-3,-3,-3,-3,1,5,6,6,6,6,5,5,5,4,4,4,5,-3,-3,-3,-3,-3
21,2,1,1,1,1,3,3,4,-3,-3,-3,-3,-3,-3,-3,-3,-3,-3,-3,-3,-3,-3,-3,-3,-3,-3,-3,-3,-3,-3,-3,-3,-3,-3,1,1,1,0,0
22,2,2,1,1,1,1,4,2,5,5,6,5,5,6,3,4,5,4,3,6,6,-3,-3,-3,-3,-3,-3,-3,-3,-3,-3,-3,-3,-3,-3,-3,-3,-3,-3
23,2,1,1,1,1,2,1,2,-3,-3,-3,-3,-3,-3,-3,-3,-3,-3,-3,-3,-3,3,6,6,5,5,6,5,5,6,4,3,6,6,-3,-3,-3,-3,-3
24,2,1,1,1,1,3,3,3,-3,-3,-3,-3,-3,-3,-3,-3,-3,-3,-3,-3,-3,-3,-3,-3,-3,-3,-3,-3,-3,-3,-3,-3,-3,-3,1,1,1,0,0
25,2,1,1,1,1,2,1,1,-3,-3,-3,-3,-3,-3,-3,-3,-3,-3,-3,-3,-3,2,7,6,5,5,5,2,3,3,3,3,6,4,-3,-3,-3,-3,-3
26,2,1,1,1,1,3,4,3,-3,-3,-3,-3,-3,-3,-3,-3,-3,-3,-3,-3,-3,-3,-3,-3,-3,-3,-3,-3,-3,-3,-3,-3,-3,-3,1,1,0,0,0
27,1,2,1,1,1,2,1,1,-3,-3,-3,-3,-3,-3,-3,-3,-3,-3,-3,-3,-3,4,7,7,7,7,7,2,7,7,3,3,7,4,-3,-3,-3,-3,-3
28,2,1,1,1,1,2,1,3,-3,-3,-3,-3,-3,-3,-3,-3,-3,-3,-3,-3,-3,2,4,5,4,7,6,6,5,6,4,4,6,5,-3,-3,-3,-3,-3
29,2,1,1,1,1,3,2,2,-3,-3,-3,-3,-3,-3,-3,-3,-3,-3,-3,-3,-3,-3,-3,-3,-3,-3,-3,-3,-3,-3,-3,-3,-3,-3,1,1,1,1,0
30,2,2,1,1,1,1,4,4,7,3,7,7,7,7,1,7,7,7,2,7,7,-3,-3,-3,-3,-3,-3,-3,-3,-3,-3,-3,-3,-3,-3,-3,-3,-3,-3
31,1,1,1,1,1,3,2,3,-3,-3,-3,-3,-3,-3,-3,-3,-3,-3,-3,-3,-3,-3,-3,-3,-3,-3,-3,-3,-3,-3,-3,-3,-3,-3,0,0,0,1,0
32,2,1,1,2,1,3,2,2,-3,-3,-3,-3,-3,-3,-3,-3,-3,-3,-3,-3,-3,-3,-3,-3,-3,-3,-3,-3,-3,-3,-3,-3,-3,-3,0,1,0,0,0
33,1,2,1,1,1,2,1,3,-3,-3,-3,-3,-3,-3,-3,-3,-3,-3,-3,-3,-3,5,5,6,7,7,7,6,5,7,5,5,6,7,-3,-3,-3,-3,-3
34,1,1,1,1,1,2,1,4,-3,-3,-3,-3,-3,-3,-3,-3,-3,-3,-3,-3,-3,4,6,7,7,6,6,2,4,7,4,4,6,4,-3,-3,-3,-3,-3
35,2,2,1,2,1,3,2,2,-3,-3,-3,-3,-3,-3,-3,-3,-3,-3,-3,-3,-3,-3,-3,-3,-3,-3,-3,-3,-3,-3,-3,-3,-3,-3,1,1,1,0,0
36,2,1,1,3,1,1,3,1,2,6,7,7,7,7,5,6,7,7,6,6,6,-3,-3,-3,-3,-3,-3,-3,-3,-3,-3,-3,-3,-3,-3,-3,-3,-3,-3
37,1,1,1,3,1,1,3,1,6,5,5,5,5,5,6,5,5,5,5,5,6,-3,-3,-3,-3,-3,-3,-3,-3,-3,-3,-3,-3,-3,-3,-3,-3,-3,-3
38,1,1,1,1,1,2,1,4,-3,-3,-3,-3,-3,-3,-3,-3,-3,-3,-3,-3,-3,3,5,6,6,6,5,6,5,6,5,5,5,4,-3,-3,-3,-3,-3
39,2,1,1,3,1,1,4,2,5,6,7,7,7,7,3,7,7,5,6,4,6,-3,-3,-3,-3,-3,-3,-3,-3,-3,-3,-3,-3,-3,-3,-3,-3,-3,-3
40,1,1,1,4,1,1,4,2,6,5,7,7,7,7,4,5,6,4,5,5,5,-3,-3,-3,-3,-3,-3,-3,-3,-3,-3,-3,-3,-3,-3,-3,-3,-3,-3
41,1,3,1,1,1,2,1,4,-3,-3,-3,-3,-3,-3,-3,-3,-3,-3,-3,-3,-3,4,7,6,6,6,7,4,4,7,7,4,7,5,-3,-3,-3,-3,-3
42,1,1,1,1,1,3,4,4,-3,-3,-3,-3,-3,-3,-3,-3,-3,-3,-3,-3,-3,-3,-3,-3,-3,-3,-3,-3,-3,-3,-3,-3,-3,-3,1,1,1,0,0
43,1,1,1,4,1,3,3,2,-3,-3,-3,-3,-3,-3,-3,-3,-3,-3,-3,-3,-3,-3,-3,-3,-3,-3,-3,-3,-3,-3,-3,-3,-3,-3,0,1,0,0,0
44,2,2,2,4,1,3,4,4,-3,-3,-3,-3,-3,-3,-3,-3,-3,-3,-3,-3,-3,-3,-3,-3,-3,-3,-3,-3,-3,-3,-3,-3,-3,-3,0,0,1,0,0
45,2,2,2,4,1,1,4,1,6,6,6,7,6,7,6,6,7,6,7,7,7,-3,-3,-3,-3,-3,-3,-3,-3,-3,-3,-3,-3,-3,-3,-3,-3,-3,-3
46,1,1,1,1,1,2,1,1,-3,-3,-3,-3,-3,-3,-3,-3,-3,-3,-3,-3,-3,7,7,7,7,7,7,7,7,7,7,7,7,7,-3,-3,-3,-3,-3
47,2,3,3,5,1,1,3,3,1,7,7,7,1,7,7,7,7,1,1,7,1,-3,-3,-3,-3,-3,-3,-3,-3,-3,-3,-3,-3,-3,-3,-3,-3,-3,-3
48,1,2,2,4,1,3,2,2,-3,-3,-3,-3,-3,-3,-3,-3,-3,-3,-3,-3,-3,-3,-3,-3,-3,-3,-3,-3,-3,-3,-3,-3,-3,-3,1,0,1,0,0
49,1,3,1,1,1,2,1,4,-3,-3,-3,-3,-3,-3,-3,-3,-3,-3,-3,-3,-3,2,7,7,7,7,6,3,5,7,6,6,6,6,-3,-3,-3,-3,-3
50,1,2,1,1,1,2,3,4,-3,-3,-3,-3,-3,-3,-3,-3,-3,-3,-3,-3,-3,6,6,7,7,7,7,4,6,6,3,5,7,5,-3,-3,-3,-3,-3
51,1,1,1,1,3,3,1,1,-3,-3,-3,-3,-3,-3,-3,-3,-3,-3,-3,-3,-3,-3,-3,-3,-3,-3,-3,-3,-3,-3,-3,-3,-3,-3,0,0,0,1,0
52,2,1,1,1,1,2,1,4,-3,-3,-3,-3,-3,-3,-3,-3,-3,-3,-3,-3,-3,6,6,7,7,5,5,1,5,6,4,4,6,5,-3,-3,-3,-3,-3
53,2,2,1,1,1,2,1,4,-3,-3,-3,-3,-3,-3,-3,-3,-3,-3,-3,-3,-3,4,6,7,7,6,6,3,4,7,5,4,7,5,-3,-3,-3,-3,-3
54,1,3,1,3,2,1,2,2,5,5,6,7,7,7,6,6,6,6,6,6,6,-3,-3,-3,-3,-3,-3,-3,-3,-3,-3,-3,-3,-3,-3,-3,-3,-3,-3
55,2,3,2,1,3,2,2,4,-3,-3,-3,-3,-3,-3,-3,-3,-3,-3,-3,-3,-3,1,7,5,5,6,6,6,6,6,6,6,6,5,-3,-3,-3,-3,-3
56,2,1,3,1,2,2,1,3,-3,-3,-3,-3,-3,-3,-3,-3,-3,-3,-3,-3,-3,2,7,6,6,6,6,3,6,6,6,6,6,4,-3,-3,-3,-3,-3
57,2,2,1,1,1,3,3,2,-3,-3,-3,-3,-3,-3,-3,-3,-3,-3,-3,-3,-3,-3,-3,-3,-3,-3,-3,-3,-3,-3,-3,-3,-3,-3,1,1,0,0,0
58,2,1,1,1,1,1,4,3,4,7,7,7,7,7,4,4,6,4,4,4,5,-3,-3,-3,-3,-3,-3,-3,-3,-3,-3,-3,-3,-3,-3,-3,-3,-3,-3
59,1,1,1,3,2,2,2,4,-3,-3,-3,-3,-3,-3,-3,-3,-3,-3,-3,-3,-3,4,6,7,7,7,7,7,6,7,7,6,7,7,-3,-3,-3,-3,-3
60,2,1,1,1,3,2,2,4,-3,-3,-3,-3,-3,-3,-3,-3,-3,-3,-3,-3,-3,6,7,7,7,7,7,6,7,7,4,6,6,7,-3,-3,-3,-3,-3
61,1,3,1,3,2,2,1,3,-3,-3,-3,-3,-3,-3,-3,-3,-3,-3,-3,-3,-3,2,6,6,7,6,6,4,6,6,7,4,7,5,-3,-3,-3,-3,-3
62,1,1,1,2,1,3,3,3,-3,-3,-3,-3,-3,-3,-3,-3,-3,-3,-3,-3,-3,-3,-3,-3,-3,-3,-3,-3,-3,-3,-3,-3,-3,-3,1,0,0,0,0
63,1,3,3,3,2,3,2,3,-3,-3,-3,-3,-3,-3,-3,-3,-3,-3,-3,-3,-3,-3,-3,-3,-3,-3,-3,-3,-3,-3,-3,-3,-3,-3,0,1,0,0,0
64,2,1,1,1,1,2,1,4,-3,-3,-3,-3,-3,-3,-3,-3,-3,-3,-3,-3,-3,3,7,7,7,7,7,4,6,7,5,4,7,6,-3,-3,-3,-3,-3
65,1,3,1,1,2,2,1,2,-3,-3,-3,-3,-3,-3,-3,-3,-3,-3,-3,-3,-3,4,6,5,5,6,6,4,4,6,6,4,6,5,-3,-3,-3,-3,-3
66,1,1,3,4,1,2,1,2,-3,-3,-3,-3,-3,-3,-3,-3,-3,-3,-3,-3,-3,3,7,7,7,7,7,7,7,7,4,5,7,7,-3,-3,-3,-3,-3
67,2,1,1,1,1,2,1,4,-3,-3,-3,-3,-3,-3,-3,-3,-3,-3,-3,-3,-3,5,5,6,6,6,6,4,5,7,6,3,3,5,-3,-3,-3,-3,-3
68,1,3,1,1,2,2,1,2,-3,-3,-3,-3,-3,-3,-3,-3,-3,-3,-3,-3,-3,2,7,7,7,7,6,4,6,7,5,6,7,7,-3,-3,-3,-3,-3
69,1,2,1,2,1,2,1,4,-3,-3,-3,-3,-3,-3,-3,-3,-3,-3,-3,-3,-3,5,6,7,7,7,7,5,6,7,5,5,5,6,-3,-3,-3,-3,-3
70,2,1,1,2,1,2,1,3,-3,-3,-3,-3,-3,-3,-3,-3,-3,-3,-3,-3,-3,6,6,7,7,7,3,6,4,7,6,3,7,4,-3,-3,-3,-3,-3
71,2,1,1,2,3,2,1,4,-3,-3,-3,-3,-3,-3,-3,-3,-3,-3,-3,-3,-3,6,7,7,7,7,7,4,7,7,4,4,7,5,-3,-3,-3,-3,-3
72,2,2,2,1,1,2,1,4,-3,-3,-3,-3,-3,-3,-3,-3,-3,-3,-3,-3,-3,1,7,7,7,7,7,5,7,7,7,5,7,6,-3,-3,-3,-3,-3
73,2,2,2,2,1,1,4,2,5,7,4,6,6,7,4,5,7,6,4,4,6,-3,-3,-3,-3,-3,-3,-3,-3,-3,-3,-3,-3,-3,-3,-3,-3,-3,-3
74,1,2,1,3,1,3,2,3,-3,-3,-3,-3,-3,-3,-3,-3,-3,-3,-3,-3,-3,-3,-3,-3,-3,-3,-3,-3,-3,-3,-3,-3,-3,-3,1,1,0,0,0
75,1,2,1,1,1,1,4,1,7,7,7,7,7,7,7,7,7,7,7,7,6,-3,-3,-3,-3,-3,-3,-3,-3,-3,-3,-3,-3,-3,-3,-3,-3,-3,-3
76,2,2,2,1,1,3,4,4,-3,-3,-3,-3,-3,-3,-3,-3,-3,-3,-3,-3,-3,-3,-3,-3,-3,-3,-3,-3,-3,-3,-3,-3,-3,-3,1,1,1,0,0
77,2,2,2,4,3,3,2,3,-3,-3,-3,-3,-3,-3,-3,-3,-3,-3,-3,-3,-3,-3,-3,-3,-3,-3,-3,-3,-3,-3,-3,-3,-3,-3,1,1,0,0,0
78,1,1,1,1,2,2,2,4,-3,-3,-3,-3,-3,-3,-3,-3,-3,-3,-3,-3,-3,6,6,6,6,6,6,5,5,5,5,5,5,6,-3,-3,-3,-3,-3
79,2,2,1,2,1,3,3,2,-3,-3,-3,-3,-3,-3,-3,-3,-3,-3,-3,-3,-3,-3,-3,-3,-3,-3,-3,-3,-3,-3,-3,-3,-3,-3,0,1,0,0,0
80,2,2,2,2,3,2,1,4,-3,-3,-3,-3,-3,-3,-3,-3,-3,-3,-3,-3,-3,1,5,7,7,5,7,7,7,7,4,3,7,6,-3,-3,-3,-3,-3
81,2,1,1,1,1,2,1,3,-3,-3,-3,-3,-3,-3,-3,-3,-3,-3,-3,-3,-3,1,7,7,7,7,7,4,4,7,4,4,7,6,-3,-3,-3,-3,-3
82,2,2,2,2,2,2,2,4,-3,-3,-3,-3,-3,-3,-3,-3,-3,-3,-3,-3,-3,7,7,7,7,6,6,6,6,6,6,5,6,6,-3,-3,-3,-3,-3
83,2,2,2,2,3,2,2,4,-3,-3,-3,-3,-3,-3,-3,-3,-3,-3,-3,-3,-3,1,7,7,7,7,7,7,7,7,7,7,7,7,-3,-3,-3,-3,-3
84,1,3,1,4,1,3,2,2,-3,-3,-3,-3,-3,-3,-3,-3,-3,-3,-3,-3,-3,-3,-3,-3,-3,-3,-3,-3,-3,-3,-3,-3,-3,-3,0,0,0,0,1
85,2,2,2,5,1,3,4,4,-3,-3,-3,-3,-3,-3,-3,-3,-3,-3,-3,-3,-3,-3,-3,-3,-3,-3,-3,-3,-3,-3,-3,-3,-3,-3,1,1,1,1,0
86,2,3,3,1,3,3,2,3,-3,-3,-3,-3,-3,-3,-3,-3,-3,-3,-3,-3,-3,-3,-3,-3,-3,-3,-3,-3,-3,-3,-3,-3,-3,-3,1,0,1,1,0
87,1,3,1,1,1,2,2,3,-3,-3,-3,-3,-3,-3,-3,-3,-3,-3,-3,-3,-3,6,6,7,7,7,7,7,7,7,5,7,7,6,-3,-3,-3,-3,-3
88,2,3,1,1,1,2,1,4,-3,-3,-3,-3,-3,-3,-3,-3,-3,-3,-3,-3,-3,1,7,7,7,7,7,7,7,7,4,6,7,7,-3,-3,-3,-3,-3
89,1,3,3,2,1,2,1,3,-3,-3,-3,-3,-3,-3,-3,-3,-3,-3,-3,-3,-3,1,6,7,7,7,6,5,5,6,3,4,7,6,-3,-3,-3,-3,-3
90,2,3,1,2,1,2,1,4,-3,-3,-3,-3,-3,-3,-3,-3,-3,-3,-3,-3,-3,2,5,6,6,6,6,4,5,6,5,4,6,5,-3,-3,-3,-3,-3
91,2,3,1,4,1,3,3,2,-3,-3,-3,-3,-3,-3,-3,-3,-3,-3,-3,-3,-3,-3,-3,-3,-3,-3,-3,-3,-3,-3,-3,-3,-3,-3,0,1,0,0,0
92,1,3,1,1,1,3,4,3,-3,-3,-3,-3,-3,-3,-3,-3,-3,-3,-3,-3,-3,-3,-3,-3,-3,-3,-3,-3,-3,-3,-3,-3,-3,-3,1,0,0,0,0
93,2,3,1,1,1,2,1,4,-3,-3,-3,-3,-3,-3,-3,-3,-3,-3,-3,-3,-3,4,5,5,5,5,5,5,5,5,5,4,5,5,-3,-3,-3,-3,-3
94,2,3,1,3,1,1,4,1,5,5,4,4,5,6,3,4,6,4,3,4,5,-3,-3,-3,-3,-3,-3,-3,-3,-3,-3,-3,-3,-3,-3,-3,-3,-3,-3
95,2,3,1,1,1,2,2,4,-3,-3,-3,-3,-3,-3,-3,-3,-3,-3,-3,-3,-3,7,6,6,7,7,5,4,6,6,4,4,6,6,-3,-3,-3,-3,-3
96,2,3,1,2,1,2,1,3,-3,-3,-3,-3,-3,-3,-3,-3,-3,-3,-3,-3,-3,3,6,5,7,7,7,5,7,7,5,4,7,5,-3,-3,-3,-3,-3
97,2,3,1,1,3,2,1,4,-3,-3,-3,-3,-3,-3,-3,-3,-3,-3,-3,-3,-3,5,5,7,7,7,7,5,7,7,4,3,7,7,-3,-3,-3,-3,-3
98,2,3,1,2,1,2,1,4,-3,-3,-3,-3,-3,-3,-3,-3,-3,-3,-3,-3,-3,4,7,6,7,7,7,4,1,6,4,5,6,4,-3,-3,-3,-3,-3
99,1,3,1,1,1,2,1,3,-3,-3,-3,-3,-3,-3,-3,-3,-3,-3,-3,-3,-3,3,4,7,5,7,4,4,4,7,4,1,7,5,-3,-3,-3,-3,-3
100,1,3,3,4,1,3,3,4,-3,-3,-3,-3,-3,-3,-3,-3,-3,-3,-3,-3,-3,-3,-3,-3,-3,-3,-3,-3,-3,-3,-3,-3,-3,-3,1,1,1,0,0
101,2,2,1,3,1,1,4,4,7,7,7,7,7,7,3,7,7,7,7,4,7,-3,-3,-3,-3,-3,-3,-3,-3,-3,-3,-3,-3,-3,-3,-3,-3,-3,-3
102,2,2,1,1,1,3,4,4,-3,-3,-3,-3,-3,-3,-3,-3,-3,-3,-3,-3,-3,-3,-3,-3,-3,-3,-3,-3,-3,-3,-3,-3,-3,-3,1,1,1,0,0
103,2,3,2,1,3,2,2,4,-3,-3,-3,-3,-3,-3,-3,-3,-3,-3,-3,-3,-3,6,6,7,7,7,7,4,6,7,7,4,6,5,-3,-3,-3,-3,-3
104,1,3,1,2,1,2,2,3,-3,-3,-3,-3,-3,-3,-3,-3,-3,-3,-3,-3,-3,5,5,5,7,5,7,2,4,5,5,6,4,5,-3,-3,-3,-3,-3
105,2,3,1,4,1,1,4,2,7,7,6,7,7,7,2,7,7,6,7,7,6,-3,-3,-3,-3,-3,-3,-3,-3,-3,-3,-3,-3,-3,-3,-3,-3,-3,-3
106,1,3,2,4,1,1,3,2,7,7,7,7,7,7,5,7,7,6,6,7,7,-3,-3,-3,-3,-3,-3,-3,-3,-3,-3,-3,-3,-3,-3,-3,-3,-3,-3
107,1,2,1,4,3,2,1,3,-3,-3,-3,-3,-3,-3,-3,-3,-3,-3,-3,-3,-3,6,6,6,6,6,6,6,6,7,4,6,6,7,-3,-3,-3,-3,-3
108,2,3,1,2,1,2,1,4,-3,-3,-3,-3,-3,-3,-3,-3,-3,-3,-3,-3,-3,4,7,7,7,7,7,4,4,6,5,5,6,4,-3,-3,-3,-3,-3
109,2,1,1,1,1,2,1,4,-3,-3,-3,-3,-3,-3,-3,-3,-3,-3,-3,-3,-3,4,7,7,7,7,7,6,7,7,5,5,7,6,-3,-3,-3,-3,-3
110,2,1,1,4,1,2,2,4,-3,-3,-3,-3,-3,-3,-3,-3,-3,-3,-3,-3,-3,4,6,7,7,7,6,3,5,6,6,6,7,5,-3,-3,-3,-3,-3
111,2,3,1,1,1,2,1,4,-3,-3,-3,-3,-3,-3,-3,-3,-3,-3,-3,-3,-3,7,7,7,7,7,7,5,7,7,7,4,7,6,-3,-3,-3,-3,-3
112,1,1,2,4,1,1,3,1,6,7,7,7,7,7,6,6,7,7,6,7,6,-3,-3,-3,-3,-3,-3,-3,-3,-3,-3,-3,-3,-3,-3,-3,-3,-3,-3
113,1,3,1,3,1,1,4,1,3,7,7,7,7,7,5,5,7,5,5,7,4,-3,-3,-3,-3,-3,-3,-3,-3,-3,-3,-3,-3,-3,-3,-3,-3,-3,-3
114,1,2,1,1,1,1,2,1,3,6,7,7,7,7,4,7,7,7,7,7,6,-3,-3,-3,-3,-3,-3,-3,-3,-3,-3,-3,-3,-3,-3,-3,-3,-3,-3
115,2,1,1,1,2,3,1,3,-3,-3,-3,-3,-3,-3,-3,-3,-3,-3,-3,-3,-3,-3,-3,-3,-3,-3,-3,-3,-3,-3,-3,-3,-3,-3,0,0,0,0,1
116,2,1,1,1,3,2,1,3,-3,-3,-3,-3,-3,-3,-3,-3,-3,-3,-3,-3,-3,3,7,7,7,6,7,4,5,7,5,4,7,6,-3,-3,-3,-3,-3
117,1,3,1,3,1,3,2,3,-3,-3,-3,-3,-3,-3,-3,-3,-3,-3,-3,-3,-3,-3,-3,-3,-3,-3,-3,-3,-3,-3,-3,-3,-3,-3,1,1,0,0,0
118,1,3,1,3,1,3,3,4,-3,-3,-3,-3,-3,-3,-3,-3,-3,-3,-3,-3,-3,-3,-3,-3,-3,-3,-3,-3,-3,-3,-3,-3,-3,-3,1,0,0,0,0
119,1,3,1,4,1,1,4,2,4,3,5,6,7,7,4,5,6,6,4,3,6,-3,-3,-3,-3,-3,-3,-3,-3,-3,-3,-3,-3,-3,-3,-3,-3,-3,-3
120,2,2,2,1,1,3,3,3,-3,-3,-3,-3,-3,-3,-3,-3,-3,-3,-3,-3,-3,-3,-3,-3,-3,-3,-3,-3,-3,-3,-3,-3,-3,-3,1,1,1,0,0
121,2,1,1,1,2,2,1,2,-3,-3,-3,-3,-3,-3,-3,-3,-3,-3,-3,-3,-3,4,7,7,7,7,7,5,7,7,7,3,7,6,-3,-3,-3,-3,-3
122,1,3,3,4,3,3,3,3,-3,-3,-3,-3,-3,-3,-3,-3,-3,-3,-3,-3,-3,-3,-3,-3,-3,-3,-3,-3,-3,-3,-3,-3,-3,-3,1,1,1,0,0
123,2,3,1,1,1,3,4,4,-3,-3,-3,-3,-3,-3,-3,-3,-3,-3,-3,-3,-3,-3,-3,-3,-3,-3,-3,-3,-3,-3,-3,-3,-3,-3,0,1,1,0,0
124,2,3,1,4,1,1,2,1,4,6,6,7,7,7,4,6,6,6,6,6,6,-3,-3,-3,-3,-3,-3,-3,-3,-3,-3,-3,-3,-3,-3,-3,-3,-3,-3
125,1,3,1,4,1,3,4,4,-3,-3,-3,-3,-3,-3,-3,-3,-3,-3,-3,-3,-3,-3,-3,-3,-3,-3,-3,-3,-3,-3,-3,-3,-3,-3,1,1,1,1,1
126,1,3,1,3,1,1,3,1,2,7,7,7,7,7,3,7,7,7,6,6,6,-3,-3,-3,-3,-3,-3,-3,-3,-3,-3,-3,-3,-3,-3,-3,-3,-3,-3
127,1,2,1,1,1,2,2,4,-3,-3,-3,-3,-3,-3,-3,-3,-3,-3,-3,-3,-3,6,6,7,7,7,6,4,6,7,5,5,7,5,-3,-3,-3,-3,-3
128,1,2,1,1,1,3,4,1,-3,-3,-3,-3,-3,-3,-3,-3,-3,-3,-3,-3,-3,-3,-3,-3,-3,-3,-3,-3,-3,-3,-3,-3,-3,-3,0,1,0,0,0
129,2,1,1,1,1,1,4,4,3,6,5,7,7,6,3,4,7,5,4,5,6,-3,-3,-3,-3,-3,-3,-3,-3,-3,-3,-3,-3,-3,-3,-3,-3,-3,-3
130,1,1,1,3,1,1,3,2,1,6,6,7,4,3,1,4,5,5,2,5,4,-3,-3,-3,-3,-3,-3,-3,-3,-3,-3,-3,-3,-3,-3,-3,-3,-3,-3
131,2,1,1,1,1,2,1,2,-3,-3,-3,-3,-3,-3,-3,-3,-3,-3,-3,-3,-3,6,5,7,5,3,6,2,4,6,3,2,6,4,-3,-3,-3,-3,-3
132,2,1,1,1,1,3,4,4,-3,-3,-3,-3,-3,-3,-3,-3,-3,-3,-3,-3,-3,-3,-3,-3,-3,-3,-3,-3,-3,-3,-3,-3,-3,-3,1,1,0,0,0
133,1,2,1,3,1,3,3,2,-3,-3,-3,-3,-3,-3,-3,-3,-3,-3,-3,-3,-3,-3,-3,-3,-3,-3,-3,-3,-3,-3,-3,-3,-3,-3,1,0,0,0,0
134,1,2,2,3,3,3,4,4,-3,-3,-3,-3,-3,-3,-3,-3,-3,-3,-3,-3,-3,-3,-3,-3,-3,-3,-3,-3,-3,-3,-3,-3,-3,-3,1,1,1,0,0
135,2,3,1,3,1,3,3,2,-3,-3,-3,-3,-3,-3,-3,-3,-3,-3,-3,-3,-3,-3,-3,-3,-3,-3,-3,-3,-3,-3,-3,-3,-3,-3,1,0,0,0,0
136,1,1,1,4,1,1,3,1,1,6,6,7,7,7,2,6,6,3,5,5,5,-3,-3,-3,-3,-3,-3,-3,-3,-3,-3,-3,-3,-3,-3,-3,-3,-3,-3
137,1,3,1,1,1,3,4,4,-3,-3,-3,-3,-3,-3,-3,-3,-3,-3,-3,-3,-3,-3,-3,-3,-3,-3,-3,-3,-3,-3,-3,-3,-3,-3,0,0,0,0,1
138,2,1,1,2,3,3,2,2,-3,-3,-3,-3,-3,-3,-3,-3,-3,-3,-3,-3,-3,-3,-3,-3,-3,-3,-3,-3,-3,-3,-3,-3,-3,-3,1,1,0,0,0
139,1,1,3,4,1,1,3,1,7,6,7,6,7,7,4,6,6,3,7,6,5,-3,-3,-3,-3,-3,-3,-3,-3,-3,-3,-3,-3,-3,-3,-3,-3,-3,-3
140,1,1,1,3,1,1,3,1,5,5,5,5,5,5,5,5,7,3,2,4,3,-3,-3,-3,-3,-3,-3,-3,-3,-3,-3,-3,-3,-3,-3,-3,-3,-3,-3
141,2,1,1,4,1,1,4,4,5,7,7,7,7,7,5,7,7,6,7,7,6,-3,-3,-3,-3,-3,-3,-3,-3,-3,-3,-3,-3,-3,-3,-3,-3,-3,-3
142,1,1,1,1,1,1,4,2,5,6,7,7,6,6,3,5,5,5,4,5,6,-3,-3,-3,-3,-3,-3,-3,-3,-3,-3,-3,-3,-3,-3,-3,-3,-3,-3
143,1,1,1,2,1,1,4,3,7,7,7,7,7,7,7,7,7,7,7,7,6,-3,-3,-3,-3,-3,-3,-3,-3,-3,-3,-3,-3,-3,-3,-3,-3,-3,-3
144,2,2,3,5,1,1,2,1,6,7,5,7,4,6,5,7,4,4,5,5,5,-3,-3,-3,-3,-3,-3,-3,-3,-3,-3,-3,-3,-3,-3,-3,-3,-3,-3
145,1,1,1,4,1,1,2,2,2,5,5,5,4,3,2,2,2,4,3,2,3,-3,-3,-3,-3,-3,-3,-3,-3,-3,-3,-3,-3,-3,-3,-3,-3,-3,-3
146,2,1,1,4,1,1,4,3,7,7,7,7,7,7,3,7,7,4,7,7,5,-3,-3,-3,-3,-3,-3,-3,-3,-3,-3,-3,-3,-3,-3,-3,-3,-3,-3
147,2,1,1,2,1,1,4,3,5,6,6,5,5,4,3,5,5,5,5,5,6,-3,-3,-3,-3,-3,-3,-3,-3,-3,-3,-3,-3,-3,-3,-3,-3,-3,-3
148,2,1,1,4,1,3,3,3,-3,-3,-3,-3,-3,-3,-3,-3,-3,-3,-3,-3,-3,-3,-3,-3,-3,-3,-3,-3,-3,-3,-3,-3,-3,-3,1,1,0,0,0
149,2,3,1,3,3,3,2,1,-3,-3,-3,-3,-3,-3,-3,-3,-3,-3,-3,-3,-3,-3,-3,-3,-3,-3,-3,-3,-3,-3,-3,-3,-3,-3,1,1,0,0,1
150,1,2,2,1,1,3,4,4,-3,-3,-3,-3,-3,-3,-3,-3,-3,-3,-3,-3,-3,-3,-3,-3,-3,-3,-3,-3,-3,-3,-3,-3,-3,-3,1,1,0,0,0
151,2,1,1,3,1,1,3,1,2,5,6,6,6,6,3,6,6,6,5,6,6,-3,-3,-3,-3,-3,-3,-3,-3,-3,-3,-3,-3,-3,-3,-3,-3,-3,-3
152,2,2,1,2,1,2,1,4,-3,-3,-3,-3,-3,-3,-3,-3,-3,-3,-3,-3,-3,4,4,7,7,7,7,5,6,7,7,5,7,7,-3,-3,-3,-3,-3
153,1,2,3,4,1,1,2,1,4,5,5,5,5,5,3,4,5,5,5,5,4,-3,-3,-3,-3,-3,-3,-3,-3,-3,-3,-3,-3,-3,-3,-3,-3,-3,-3
154,2,3,1,2,1,3,3,3,-3,-3,-3,-3,-3,-3,-3,-3,-3,-3,-3,-3,-3,-3,-3,-3,-3,-3,-3,-3,-3,-3,-3,-3,-3,-3,1,1,0,0,0
155,2,1,1,1,1,3,4,4,-3,-3,-3,-3,-3,-3,-3,-3,-3,-3,-3,-3,-3,-3,-3,-3,-3,-3,-3,-3,-3,-3,-3,-3,-3,-3,0,1,0,0,0
156,1,1,1,2,1,2,1,4,-3,-3,-3,-3,-3,-3,-3,-3,-3,-3,-3,-3,-3,5,7,7,6,7,4,5,6,7,6,6,6,6,-3,-3,-3,-3,-3
157,2,1,1,2,1,2,1,4,-3,-3,-3,-3,-3,-3,-3,-3,-3,-3,-3,-3,-3,4,2,7,7,7,5,5,4,7,6,4,7,3,-3,-3,-3,-3,-3
158,2,2,2,2,2,2,1,4,-3,-3,-3,-3,-3,-3,-3,-3,-3,-3,-3,-3,-3,1,4,7,7,7,7,7,7,7,7,7,7,7,-3,-3,-3,-3,-3
159,1,2,1,3,1,3,3,4,-3,-3,-3,-3,-3,-3,-3,-3,-3,-3,-3,-3,-3,-3,-3,-3,-3,-3,-3,-3,-3,-3,-3,-3,-3,-3,1,1,0,0,0
160,1,1,2,2,1,3,2,2,-3,-3,-3,-3,-3,-3,-3,-3,-3,-3,-3,-3,-3,-3,-3,-3,-3,-3,-3,-3,-3,-3,-3,-3,-3,-3,1,1,1,1,0
161,1,2,1,2,1,3,2,2,-3,-3,-3,-3,-3,-3,-3,-3,-3,-3,-3,-3,-3,-3,-3,-3,-3,-3,-3,-3,-3,-3,-3,-3,-3,-3,1,0,0,0,0
162,2,1,2,3,1,1,2,2,5,4,4,4,6,5,5,5,5,3,2,2,5,-3,-3,-3,-3,-3,-3,-3,-3,-3,-3,-3,-3,-3,-3,-3,-3,-3,-3
163,2,1,2,1,1,3,3,2,-3,-3,-3,-3,-3,-3,-3,-3,-3,-3,-3,-3,-3,-3,-3,-3,-3,-3,-3,-3,-3,-3,-3,-3,-3,-3,1,0,0,0,0
164,2,2,2,1,1,1,4,2,5,7,7,7,7,7,5,7,7,7,7,7,6,-3,-3,-3,-3,-3,-3,-3,-3,-3,-3,-3,-3,-3,-3,-3,-3,-3,-3
165,2,1,1,2,1,3,4,2,-3,-3,-3,-3,-3,-3,-3,-3,-3,-3,-3,-3,-3,-3,-3,-3,-3,-3,-3,-3,-3,-3,-3,-3,-3,-3,1,1,0,0,0
166,2,2,2,2,2,2,1,4,-3,-3,-3,-3,-3,-3,-3,-3,-3,-3,-3,-3,-3,3,5,5,5,5,5,5,5,5,3,3,5,5,-3,-3,-3,-3,-3
167,2,2,1,1,1,3,4,4,-3,-3,-3,-3,-3,-3,-3,-3,-3,-3,-3,-3,-3,-3,-3,-3,-3,-3,-3,-3,-3,-3,-3,-3,-3,-3,1,1,0,0,0
168,2,1,1,1,1,2,1,4,-3,-3,-3,-3,-3,-3,-3,-3,-3,-3,-3,-3,-3,4,6,6,6,6,6,6,6,6,6,6,6,6,-3,-3,-3,-3,-3
169,2,3,3,4,1,2,3,4,-3,-3,-3,-3,-3,-3,-3,-3,-3,-3,-3,-3,-3,1,4,6,6,6,6,6,3,4,3,1,4,4,-3,-3,-3,-3,-3
170,2,3,3,1,3,2,1,4,-3,-3,-3,-3,-3,-3,-3,-3,-3,-3,-3,-3,-3,5,6,6,6,6,6,1,5,5,5,5,5,6,-3,-3,-3,-3,-3
171,2,1,1,1,1,2,2,3,-3,-3,-3,-3,-3,-3,-3,-3,-3,-3,-3,-3,-3,3,3,7,7,5,6,3,5,5,3,3,6,6,-3,-3,-3,-3,-3
172,1,2,1,3,1,3,3,3,-3,-3,-3,-3,-3,-3,-3,-3,-3,-3,-3,-3,-3,-3,-3,-3,-3,-3,-3,-3,-3,-3,-3,-3,-3,-3,0,1,1,0,0
173,2,1,1,1,1,2,1,3,-3,-3,-3,-3,-3,-3,-3,-3,-3,-3,-3,-3,-3,3,4,7,7,7,6,4,4,7,5,4,7,6,-3,-3,-3,-3,-3
174,1,2,3,4,1,3,3,3,-3,-3,-3,-3,-3,-3,-3,-3,-3,-3,-3,-3,-3,-3,-3,-3,-3,-3,-3,-3,-3,-3,-3,-3,-3,-3,0,0,1,0,0
175,1,2,1,4,1,2,1,3,-3,-3,-3,-3,-3,-3,-3,-3,-3,-3,-3,-3,-3,4,4,5,5,5,4,6,4,5,5,4,5,4,-3,-3,-3,-3,-3
176,2,2,2,1,1,3,2,2,-3,-3,-3,-3,-3,-3,-3,-3,-3,-3,-3,-3,-3,-3,-3,-3,-3,-3,-3,-3,-3,-3,-3,-3,-3,-3,0,1,1,0,0
177,2,1,1,2,1,3,3,3,-3,-3,-3,-3,-3,-3,-3,-3,-3,-3,-3,-3,-3,-3,-3,-3,-3,-3,-3,-3,-3,-3,-3,-3,-3,-3,1,1,0,0,0
178,2,1,1,1,1,2,1,4,-3,-3,-3,-3,-3,-3,-3,-3,-3,-3,-3,-3,-3,6,6,6,7,7,7,4,4,7,5,4,6,6,-3,-3,-3,-3,-3
179,1,1,2,1,1,1,1,1,2,5,3,4,4,4,2,3,4,3,2,4,4,-3,-3,-3,-3,-3,-3,-3,-3,-3,-3,-3,-3,-3,-3,-3,-3,-3,-3
180,2,1,1,1,1,2,4,4,-3,-3,-3,-3,-3,-3,-3,-3,-3,-3,-3,-3,-3,1,5,5,5,5,5,5,5,5,5,6,5,5,-3,-3,-3,-3,-3
181,2,1,1,1,1,3,4,4,-3,-3,-3,-3,-3,-3,-3,-3,-3,-3,-3,-3,-3,-3,-3,-3,-3,-3,-3,-3,-3,-3,-3,-3,-3,-3,0,1,0,0,0
182,2,2,1,1,1,1,3,2,5,6,6,6,6,7,2,6,6,6,6,6,6,-3,-3,-3,-3,-3,-3,-3,-3,-3,-3,-3,-3,-3,-3,-3,-3,-3,-3
183,1,2,1,3,1,1,3,1,7,7,7,7,7,7,5,7,7,5,7,7,7,-3,-3,-3,-3,-3,-3,-3,-3,-3,-3,-3,-3,-3,-3,-3,-3,-3,-3
184,1,2,1,4,1,1,4,1,2,2,2,2,2,2,2,2,2,2,2,2,2,-3,-3,-3,-3,-3,-3,-3,-3,-3,-3,-3,-3,-3,-3,-3,-3,-3,-3
185,1,2,1,3,1,1,2,1,1,3,4,7,7,5,2,5,4,3,2,2,5,-3,-3,-3,-3,-3,-3,-3,-3,-3,-3,-3,-3,-3,-3,-3,-3,-3,-3
186,1,2,1,1,1,1,3,1,7,7,7,7,5,7,4,7,7,5,5,7,7,-3,-3,-3,-3,-3,-3,-3,-3,-3,-3,-3,-3,-3,-3,-3,-3,-3,-3
187,1,1,1,3,1,1,4,1,4,7,7,7,7,7,2,5,7,7,7,6,5,-3,-3,-3,-3,-3,-3,-3,-3,-3,-3,-3,-3,-3,-3,-3,-3,-3,-3
188,1,2,1,4,3,1,4,4,5,6,5,7,6,5,6,5,6,5,6,6,6,-3,-3,-3,-3,-3,-3,-3,-3,-3,-3,-3,-3,-3,-3,-3,-3,-3,-3
189,1,1,1,1,1,1,2,1,5,5,5,5,5,5,3,3,4,1,4,2,3,-3,-3,-3,-3,-3,-3,-3,-3,-3,-3,-3,-3,-3,-3,-3,-3,-3,-3
190,1,2,1,3,1,1,4,1,4,6,7,7,7,5,3,6,7,4,2,6,5,-3,-3,-3,-3,-3,-3,-3,-3,-3,-3,-3,-3,-3,-3,-3,-3,-3,-3
191,1,2,1,4,1,1,3,1,4,4,4,5,3,5,5,5,5,5,3,4,4,-3,-3,-3,-3,-3,-3,-3,-3,-3,-3,-3,-3,-3,-3,-3,-3,-3,-3
192,1,1,1,3,1,2,3,3,-3,-3,-3,-3,-3,-3,-3,-3,-3,-3,-3,-3,-3,1,2,6,6,6,2,1,6,6,1,1,7,2,-3,-3,-3,-3,-3
193,2,2,2,4,1,2,2,3,-3,-3,-3,-3,-3,-3,-3,-3,-3,-3,-3,-3,-3,6,6,6,7,7,6,5,6,7,6,5,6,6,-3,-3,-3,-3,-3
194,2,1,1,1,1,2,2,4,-3,-3,-3,-3,-3,-3,-3,-3,-3,-3,-3,-3,-3,3,6,6,6,6,7,4,6,7,7,6,6,6,-3,-3,-3,-3,-3
195,2,3,1,3,1,3,3,3,-3,-3,-3,-3,-3,-3,-3,-3,-3,-3,-3,-3,-3,-3,-3,-3,-3,-3,-3,-3,-3,-3,-3,-3,-3,-3,1,1,0,0,0
196,2,2,1,1,1,3,4,4,-3,-3,-3,-3,-3,-3,-3,-3,-3,-3,-3,-3,-3,-3,-3,-3,-3,-3,-3,-3,-3,-3,-3,-3,-3,-3,1,1,1,1,0
197,1,2,1,3,1,1,2,2,4,4,5,5,5,5,4,4,6,6,6,5,4,-3,-3,-3,-3,-3,-3,-3,-3,-3,-3,-3,-3,-3,-3,-3,-3,-3,-3
198,1,1,1,1,3,3,4,4,-3,-3,-3,-3,-3,-3,-3,-3,-3,-3,-3,-3,-3,-3,-3,-3,-3,-3,-3,-3,-3,-3,-3,-3,-3,-3,1,1,0,0,0
199,2,1,1,1,1,3,3,2,-3,-3,-3,-3,-3,-3,-3,-3,-3,-3,-3,-3,-3,-3,-3,-3,-3,-3,-3,-3,-3,-3,-3,-3,-3,-3,1,0,0,0,0
200,1,1,1,1,1,2,2,3,-3,-3,-3,-3,-3,-3,-3,-3,-3,-3,-3,-3,-3,7,7,7,7,7,7,7,7,7,6,5,4,6,-3,-3,-3,-3,-3
201,1,1,1,2,1,3,2,2,-3,-3,-3,-3,-3,-3,-3,-3,-3,-3,-3,-3,-3,-3,-3,-3,-3,-3,-3,-3,-3,-3,-3,-3,-3,-3,1,1,0,0,0
202,2,1,1,2,2,3,4,4,-3,-3,-3,-3,-3,-3,-3,-3,-3,-3,-3,-3,-3,-3,-3,-3,-3,-3,-3,-3,-3,-3,-3,-3,-3,-3,0,1,0,0,0
203,1,1,1,3,1,1,2,1,1,7,7,7,5,7,1,6,7,5,6,6,7,-3,-3,-3,-3,-3,-3,-3,-3,-3,-3,-3,-3,-3,-3,-3,-3,-3,-3
204,2,2,2,1,1,3,2,3,-3,-3,-3,-3,-3,-3,-3,-3,-3,-3,-3,-3,-3,-3,-3,-3,-3,-3,-3,-3,-3,-3,-3,-3,-3,-3,1,1,1,1,0
205,2,1,1,4,1,3,2,2,-3,-3,-3,-3,-3,-3,-3,-3,-3,-3,-3,-3,-3,-3,-3,-3,-3,-3,-3,-3,-3,-3,-3,-3,-3,-3,1,1,0,0,0
206,1,1,1,3,1,3,4,4,-3,-3,-3,-3,-3,-3,-3,-3,-3,-3,-3,-3,-3,-3,-3,-3,-3,-3,-3,-3,-3,-3,-3,-3,-3,-3,1,1,1,0,0
207,1,1,2,1,1,3,4,1,-3,-3,-3,-3,-3,-3,-3,-3,-3,-3,-3,-3,-3,-3,-3,-3,-3,-3,-3,-3,-3,-3,-3,-3,-3,-3,0,1,0,0,0
208,1,1,2,3,2,3,1,1,-3,-3,-3,-3,-3,-3,-3,-3,-3,-3,-3,-3,-3,-3,-3,-3,-3,-3,-3,-3,-3,-3,-3,-3,-3,-3,1,0,0,0,0
209,1,3,1,3,3,3,2,1,-3,-3,-3,-3,-3,-3,-3,-3,-3,-3,-3,-3,-3,-3,-3,-3,-3,-3,-3,-3,-3,-3,-3,-3,-3,-3,0,0,1,0,1
210,2,2,1,2,1,2,1,4,-3,-3,-3,-3,-3,-3,-3,-3,-3,-3,-3,-3,-3,3,5,7,3,4,4,7,5,7,5,1,1,2,-3,-3,-3,-3,-3
211,2,1,1,1,1,3,1,1,-3,-3,-3,-3,-3,-3,-3,-3,-3,-3,-3,-3,-3,-3,-3,-3,-3,-3,-3,-3,-3,-3,-3,-3,-3,-3,1,0,0,0,0
212,2,3,2,1,2,2,1,4,-3,-3,-3,-3,-3,-3,-3,-3,-3,-3,-3,-3,-3,6,7,2,7,5,2,1,6,7,6,4,1,2,-3,-3,-3,-3,-3
213,1,3,1,1,1,3,2,4,-3,-3,-3,-3,-3,-3,-3,-3,-3,-3,-3,-3,-3,-3,-3,-3,-3,-3,-3,-3,-3,-3,-3,-3,-3,-3,0,0,0,1,1
214,2,2,2,2,2,1,3,3,2,6,7,7,7,6,3,7,7,7,4,6,6,-3,-3,-3,-3,-3,-3,-3,-3,-3,-3,-3,-3,-3,-3,-3,-3,-3,-3
215,1,3,1,3,1,3,1,4,-3,-3,-3,-3,-3,-3,-3,-3,-3,-3,-3,-3,-3,-3,-3,-3,-3,-3,-3,-3,-3,-3,-3,-3,-3,-3,0,1,0,0,0
216,2,2,1,4,1,1,4,1,6,6,6,6,6,7,5,7,6,4,5,7,7,-3,-3,-3,-3,-3,-3,-3,-3,-3,-3,-3,-3,-3,-3,-3,-3,-3,-3
217,1,2,1,3,1,2,4,4,-3,-3,-3,-3,-3,-3,-3,-3,-3,-3,-3,-3,-3,4,2,1,2,1,2,5,5,4,1,6,5,1,-3,-3,-3,-3,-3
218,1,1,1,1,1,2,3,4,-3,-3,-3,-3,-3,-3,-3,-3,-3,-3,-3,-3,-3,4,3,5,7,7,7,4,6,6,7,3,2,7,-3,-3,-3,-3,-3
219,1,2,3,5,1,3,2,4,-3,-3,-3,-3,-3,-3,-3,-3,-3,-3,-3,-3,-3,-3,-3,-3,-3,-3,-3,-3,-3,-3,-3,-3,-3,-3,0,1,0,0,0
220,2,1,1,3,1,2,4,3,-3,-3,-3,-3,-3,-3,-3,-3,-3,-3,-3,-3,-3,1,1,5,4,5,4,3,7,2,5,2,2,3,-3,-3,-3,-3,-3
221,2,1,1,3,1,1,3,2,4,6,6,7,7,7,3,7,7,7,7,7,6,-3,-3,-3,-3,-3,-3,-3,-3,-3,-3,-3,-3,-3,-3,-3,-3,-3,-3
222,2,2,1,4,2,2,3,2,-3,-3,-3,-3,-3,-3,-3,-3,-3,-3,-3,-3,-3,5,4,2,1,3,5,1,7,1,2,3,4,2,-3,-3,-3,-3,-3
223,2,3,2,4,1,1,2,4,3,7,6,7,7,7,3,7,7,3,7,7,7,-3,-3,-3,-3,-3,-3,-3,-3,-3,-3,-3,-3,-3,-3,-3,-3,-3,-3
224,2,1,1,5,1,2,1,4,-3,-3,-3,-3,-3,-3,-3,-3,-3,-3,-3,-3,-3,4,4,4,6,7,5,2,6,5,2,3,1,5,-3,-3,-3,-3,-3
225,1,2,1,1,1,1,1,4,4,7,5,7,7,7,6,5,7,3,6,6,6,-3,-3,-3,-3,-3,-3,-3,-3,-3,-3,-3,-3,-3,-3,-3,-3,-3,-3
226,1,2,3,1,1,1,4,2,4,6,5,6,6,7,3,5,6,3,6,6,6,-3,-3,-3,-3,-3,-3,-3,-3,-3,-3,-3,-3,-3,-3,-3,-3,-3,-3
227,2,2,1,1,1,3,1,1,-3,-3,-3,-3,-3,-3,-3,-3,-3,-3,-3,-3,-3,-3,-3,-3,-3,-3,-3,-3,-3,-3,-3,-3,-3,-3,0,0,0,1,0
228,1,1,1,1,2,1,4,4,3,6,5,7,6,7,6,6,7,4,5,5,6,-3,-3,-3,-3,-3,-3,-3,-3,-3,-3,-3,-3,-3,-3,-3,-3,-3,-3
229,1,1,1,1,1,2,2,4,-3,-3,-3,-3,-3,-3,-3,-3,-3,-3,-3,-3,-3,3,1,6,4,2,4,4,1,1,3,4,2,7,-3,-3,-3,-3,-3
230,1,3,1,3,2,2,2,3,-3,-3,-3,-3,-3,-3,-3,-3,-3,-3,-3,-3,-3,6,6,6,3,3,5,3,6,5,4,5,1,7,-3,-3,-3,-3,-3
231,1,1,1,2,1,2,1,3,-3,-3,-3,-3,-3,-3,-3,-3,-3,-3,-3,-3,-3,3,3,4,6,1,1,7,3,1,5,6,1,6,-3,-3,-3,-3,-3
232,2,1,2,4,3,2,1,1,-3,-3,-3,-3,-3,-3,-3,-3,-3,-3,-3,-3,-3,2,7,6,6,1,4,4,2,1,2,6,7,2,-3,-3,-3,-3,-3
233,1,1,1,3,1,2,4,4,-3,-3,-3,-3,-3,-3,-3,-3,-3,-3,-3,-3,-3,4,7,5,5,2,2,1,7,1,2,7,7,1,-3,-3,-3,-3,-3
234,1,1,1,3,3,2,1,2,-3,-3,-3,-3,-3,-3,-3,-3,-3,-3,-3,-3,-3,5,7,6,2,6,7,3,4,6,6,6,3,1,-3,-3,-3,-3,-3
235,1,3,1,5,2,2,3,2,-3,-3,-3,-3,-3,-3,-3,-3,-3,-3,-3,-3,-3,2,7,1,1,3,6,3,2,5,4,3,4,6,-3,-3,-3,-3,-3
236,2,2,1,3,1,1,4,3,4,7,5,6,7,7,3,7,6,5,7,7,6,-3,-3,-3,-3,-3,-3,-3,-3,-3,-3,-3,-3,-3,-3,-3,-3,-3,-3
237,1,2,1,3,1,2,3,1,-3,-3,-3,-3,-3,-3,-3,-3,-3,-3,-3,-3,-3,4,5,3,7,5,1,6,2,1,4,5,2,1,-3,-3,-3,-3,-3
238,1,1,1,4,1,1,1,4,1,7,7,7,6,7,4,5,7,4,6,7,6,-3,-3,-3,-3,-3,-3,-3,-3,-3,-3,-3,-3,-3,-3,-3,-3,-3,-3
239,2,1,1,3,1,2,3,3,-3,-3,-3,-3,-3,-3,-3,-3,-3,-3,-3,-3,-3,7,4,7,6,4,7,7,7,5,1,7,1,7,-3,-3,-3,-3,-3
240,1,1,1,1,1,3,1,2,-3,-3,-3,-3,-3,-3,-3,-3,-3,-3,-3,-3,-3,-3,-3,-3,-3,-3,-3,-3,-3,-3,-3,-3,-3,-3,0,0,0,0,1
241,2,1,2,1,3,1,3,2,7,5,6,7,7,7,3,5,7,4,5,7,6,-3,-3,-3,-3,-3,-3,-3,-3,-3,-3,-3,-3,-3,-3,-3,-3,-3,-3
242,1,2,2,3,1,1,3,1,7,7,6,6,7,7,6,5,7,5,6,5,7,-3,-3,-3,-3,-3,-3,-3,-3,-3,-3,-3,-3,-3,-3,-3,-3,-3,-3
243,1,2,1,3,1,1,4,2,3,4,3,5,5,5,2,2,6,2,2,5,3,-3,-3,-3,-3,-3,-3,-3,-3,-3,-3,-3,-3,-3,-3,-3,-3,-3,-3
244,2,1,2,1,1,1,4,4,6,6,6,6,7,7,3,3,5,6,5,6,6,-3,-3,-3,-3,-3,-3,-3,-3,-3,-3,-3,-3,-3,-3,-3,-3,-3,-3
245,1,2,1,4,1,2,1,4,-3,-3,-3,-3,-3,-3,-3,-3,-3,-3,-3,-3,-3,5,5,5,5,5,5,6,6,6,7,7,6,5,-3,-3,-3,-3,-3
246,2,1,1,2,1,1,4,3,5,6,5,6,6,5,2,4,5,3,4,3,5,-3,-3,-3,-3,-3,-3,-3,-3,-3,-3,-3,-3,-3,-3,-3,-3,-3,-3
247,1,1,1,3,1,2,2,4,-3,-3,-3,-3,-3,-3,-3,-3,-3,-3,-3,-3,-3,7,6,7,7,7,7,5,5,6,2,6,6,5,-3,-3,-3,-3,-3
248,1,1,1,1,3,2,4,2,-3,-3,-3,-3,-3,-3,-3,-3,-3,-3,-3,-3,-3,1,5,7,6,7,6,4,7,6,7,4,5,6,-3,-3,-3,-3,-3
249,2,1,2,2,1,2,3,3,-3,-3,-3,-3,-3,-3,-3,-3,-3,-3,-3,-3,-3,5,6,7,7,7,7,6,5,7,3,7,5,7,-3,-3,-3,-3,-3
250,1,1,1,3,1,1,3,4,4,7,6,6,7,7,6,7,7,5,6,7,6,-3,-3,-3,-3,-3,-3,-3,-3,-3,-3,-3,-3,-3,-3,-3,-3,-3,-3
251,2,1,1,4,1,1,1,3,2,5,5,7,7,7,2,5,6,5,6,7,5,-3,-3,-3,-3,-3,-3,-3,-3,-3,-3,-3,-3,-3,-3,-3,-3,-3,-3
252,2,2,2,2,1,2,3,3,-3,-3,-3,-3,-3,-3,-3,-3,-3,-3,-3,-3,-3,4,5,7,7,6,6,5,7,7,3,7,7,6,-3,-3,-3,-3,-3
253,2,2,1,5,1,3,4,2,-3,-3,-3,-3,-3,-3,-3,-3,-3,-3,-3,-3,-3,-3,-3,-3,-3,-3,-3,-3,-3,-3,-3,-3,-3,-3,0,0,0,0,1
254,1,3,1,2,1,1,2,1,4,5,7,6,6,7,6,7,6,4,4,6,7,-3,-3,-3,-3,-3,-3,-3,-3,-3,-3,-3,-3,-3,-3,-3,-3,-3,-3
255,1,3,1,3,1,2,1,1,-3,-3,-3,-3,-3,-3,-3,-3,-3,-3,-3,-3,-3,4,7,7,6,7,7,6,7,7,3,6,7,5,-3,-3,-3,-3,-3
256,2,2,1,4,1,3,3,1,-3,-3,-3,-3,-3,-3,-3,-3,-3,-3,-3,-3,-3,-3,-3,-3,-3,-3,-3,-3,-3,-3,-3,-3,-3,-3,0,1,0,0,0
257,2,2,1,1,1,2,2,2,-3,-3,-3,-3,-3,-3,-3,-3,-3,-3,-3,-3,-3,5,6,6,7,7,7,3,6,6,7,7,6,7,-3,-3,-3,-3,-3
258,1,1,1,5,1,2,4,1,-3,-3,-3,-3,-3,-3,-3,-3,-3,-3,-3,-3,-3,3,6,6,6,6,6,6,7,6,3,6,7,5,-3,-3,-3,-3,-3
259,2,3,1,3,1,3,3,4,-3,-3,-3,-3,-3,-3,-3,-3,-3,-3,-3,-3,-3,-3,-3,-3,-3,-3,-3,-3,-3,-3,-3,-3,-3,-3,0,1,0,1,0
260,2,2,3,4,1,3,2,1,-3,-3,-3,-3,-3,-3,-3,-3,-3,-3,-3,-3,-3,-3,-3,-3,-3,-3,-3,-3,-3,-3,-3,-3,-3,-3,0,0,0,1,0
261,2,3,1,3,1,1,1,4,6,7,7,6,7,6,5,6,7,3,7,7,4,-3,-3,-3,-3,-3,-3,-3,-3,-3,-3,-3,-3,-3,-3,-3,-3,-3,-3
262,1,1,1,3,2,2,4,1,-3,-3,-3,-3,-3,-3,-3,-3,-3,-3,-3,-3,-3,2,7,5,7,6,7,3,7,6,6,7,7,6,-3,-3,-3,-3,-3
263,1,2,1,3,1,1,1,2,7,7,7,7,6,6,6,6,6,5,5,7,6,-3,-3,-3,-3,-3,-3,-3,-3,-3,-3,-3,-3,-3,-3,-3,-3,-3,-3
264,1,1,1,1,2,2,1,4,-3,-3,-3,-3,-3,-3,-3,-3,-3,-3,-3,-3,-3,7,7,7,6,7,7,3,5,6,5,7,7,4,-3,-3,-3,-3,-3
265,2,2,1,3,1,1,1,3,6,5,6,7,7,7,3,7,5,7,5,7,5,-3,-3,-3,-3,-3,-3,-3,-3,-3,-3,-3,-3,-3,-3,-3,-3,-3,-3
266,2,1,1,2,1,3,1,3,-3,-3,-3,-3,-3,-3,-3,-3,-3,-3,-3,-3,-3,-3,-3,-3,-3,-3,-3,-3,-3,-3,-3,-3,-3,-3,0,1,0,0,0
267,2,1,1,3,2,2,4,4,-3,-3,-3,-3,-3,-3,-3,-3,-3,-3,-3,-3,-3,4,5,6,7,7,6,6,5,7,4,7,7,6,-3,-3,-3,-3,-3
268,1,2,1,4,1,1,4,1,6,6,5,7,7,7,5,6,5,4,7,6,7,-3,-3,-3,-3,-3,-3,-3,-3,-3,-3,-3,-3,-3,-3,-3,-3,-3,-3
269,1,1,1,1,1,2,2,1,-3,-3,-3,-3,-3,-3,-3,-3,-3,-3,-3,-3,-3,2,7,5,6,6,7,5,5,6,7,7,7,6,-3,-3,-3,-3,-3
270,2,3,1,3,1,3,1,2,-3,-3,-3,-3,-3,-3,-3,-3,-3,-3,-3,-3,-3,-3,-3,-3,-3,-3,-3,-3,-3,-3,-3,-3,-3,-3,1,0,0,1,1
271,1,1,1,3,1,2,2,4,-3,-3,-3,-3,-3,-3,-3,-3,-3,-3,-3,-3,-3,4,5,7,7,6,7,5,6,7,3,7,6,6,-3,-3,-3,-3,-3
272,1,3,1,4,1,3,3,3,-3,-3,-3,-3,-3,-3,-3,-3,-3,-3,-3,-3,-3,-3,-3,-3,-3,-3,-3,-3,-3,-3,-3,-3,-3,-3,1,0,0,0,0
273,1,3,1,1,1,2,3,1,-3,-3,-3,-3,-3,-3,-3,-3,-3,-3,-3,-3,-3,3,6,7,7,7,7,5,7,7,5,5,6,7,-3,-3,-3,-3,-3
274,1,3,1,1,1,2,1,3,-3,-3,-3,-3,-3,-3,-3,-3,-3,-3,-3,-3,-3,7,7,5,7,6,7,5,5,6,5,6,7,6,-3,-3,-3,-3,-3
275,1,3,1,3,3,1,2,1,3,5,5,7,7,7,4,6,6,4,6,6,6,-3,-3,-3,-3,-3,-3,-3,-3,-3,-3,-3,-3,-3,-3,-3,-3,-3,-3
276,1,3,1,4,1,3,2,2,-3,-3,-3,-3,-3,-3,-3,-3,-3,-3,-3,-3,-3,-3,-3,-3,-3,-3,-3,-3,-3,-3,-3,-3,-3,-3,1,0,0,0,0
277,2,1,1,3,1,3,4,4,-3,-3,-3,-3,-3,-3,-3,-3,-3,-3,-3,-3,-3,-3,-3,-3,-3,-3,-3,-3,-3,-3,-3,-3,-3,-3,0,0,0,1,0
278,2,2,1,3,3,3,1,3,-3,-3,-3,-3,-3,-3,-3,-3,-3,-3,-3,-3,-3,-3,-3,-3,-3,-3,-3,-3,-3,-3,-3,-3,-3,-3,0,0,0,1,0
279,2,3,3,1,1,3,3,3,-3,-3,-3,-3,-3,-3,-3,-3,-3,-3,-3,-3,-3,-3,-3,-3,-3,-3,-3,-3,-3,-3,-3,-3,-3,-3,0,0,1,0,0
280,1,2,1,4,1,1,1,3,6,6,5,7,6,7,5,5,7,5,6,7,6,-3,-3,-3,-3,-3,-3,-3,-3,-3,-3,-3,-3,-3,-3,-3,-3,-3,-3
281,2,1,1,2,2,3,4,4,-3,-3,-3,-3,-3,-3,-3,-3,-3,-3,-3,-3,-3,-3,-3,-3,-3,-3,-3,-3,-3,-3,-3,-3,-3,-3,0,0,0,1,1
282,1,1,1,1,1,3,3,1,-3,-3,-3,-3,-3,-3,-3,-3,-3,-3,-3,-3,-3,-3,-3,-3,-3,-3,-3,-3,-3,-3,-3,-3,-3,-3,1,1,1,0,0
283,1,1,2,2,1,3,4,1,-3,-3,-3,-3,-3,-3,-3,-3,-3,-3,-3,-3,-3,-3,-3,-3,-3,-3,-3,-3,-3,-3,-3,-3,-3,-3,0,0,1,0,0
284,2,1,1,4,1,3,2,2,-3,-3,-3,-3,-3,-3,-3,-3,-3,-3,-3,-3,-3,-3,-3,-3,-3,-3,-3,-3,-3,-3,-3,-3,-3,-3,0,1,0,0,0
285,2,1,1,1,1,2,2,3,-3,-3,-3,-3,-3,-3,-3,-3,-3,-3,-3,-3,-3,1,5,5,6,6,6,3,7,7,5,5,7,5,-3,-3,-3,-3,-3
286,2,1,1,2,1,2,3,4,-3,-3,-3,-3,-3,-3,-3,-3,-3,-3,-3,-3,-3,4,6,7,7,7,7,4,7,7,7,5,7,6,-3,-3,-3,-3,-3
287,2,1,1,4,1,3,2,2,-3,-3,-3,-3,-3,-3,-3,-3,-3,-3,-3,-3,-3,-3,-3,-3,-3,-3,-3,-3,-3,-3,-3,-3,-3,-3,1,1,1,0,0
288,1,1,1,4,1,3,2,4,-3,-3,-3,-3,-3,-3,-3,-3,-3,-3,-3,-3,-3,-3,-3,-3,-3,-3,-3,-3,-3,-3,-3,-3,-3,-3,1,1,1,0,0
289,2,1,1,3,1,1,3,1,7,4,7,7,5,7,1,6,7,7,4,6,5,-3,-3,-3,-3,-3,-3,-3,-3,-3,-3,-3,-3,-3,-3,-3,-3,-3,-3
290,2,2,1,1,1,2,1,4,-3,-3,-3,-3,-3,-3,-3,-3,-3,-3,-3,-3,-3,7,7,7,7,7,7,3,4,6,5,5,7,5,-3,-3,-3,-3,-3
291,1,2,1,3,1,1,2,3,4,4,4,4,4,4,4,4,4,4,4,4,5,-3,-3,-3,-3,-3,-3,-3,-3,-3,-3,-3,-3,-3,-3,-3,-3,-3,-3
292,2,2,2,2,1,1,4,3,5,7,5,6,6,6,4,5,7,6,4,5,5,-3,-3,-3,-3,-3,-3,-3,-3,-3,-3,-3,-3,-3,-3,-3,-3,-3,-3
293,1,2,1,1,1,1,4,1,7,7,7,7,7,7,7,7,7,7,7,7,7,-3,-3,-3,-3,-3,-3,-3,-3,-3,-3,-3,-3,-3,-3,-3,-3,-3,-3
294,1,2,2,2,1,1,4,2,7,7,7,7,7,7,1,7,7,7,7,7,7,-3,-3,-3,-3,-3,-3,-3,-3,-3,-3,-3,-3,-3,-3,-3,-3,-3,-3
295,1,2,1,3,1,3,4,1,-3,-3,-3,-3,-3,-3,-3,-3,-3,-3,-3,-3,-3,-3,-3,-3,-3,-3,-3,-3,-3,-3,-3,-3,-3,-3,0,0,0,0,1
296,1,2,1,5,1,1,2,2,7,7,7,7,7,7,7,7,7,7,7,7,6,-3,-3,-3,-3,-3,-3,-3,-3,-3,-3,-3,-3,-3,-3,-3,-3,-3,-3
297,1,2,1,5,1,1,3,2,6,7,7,7,7,7,5,5,7,5,2,6,5,-3,-3,-3,-3,-3,-3,-3,-3,-3,-3,-3,-3,-3,-3,-3,-3,-3,-3
298,2,2,2,1,3,3,4,4,-3,-3,-3,-3,-3,-3,-3,-3,-3,-3,-3,-3,-3,-3,-3,-3,-3,-3,-3,-3,-3,-3,-3,-3,-3,-3,1,1,1,0,0
299,2,2,2,2,1,1,4,4,3,7,7,7,7,7,3,4,7,7,3,4,5,-3,-3,-3,-3,-3,-3,-3,-3,-3,-3,-3,-3,-3,-3,-3,-3,-3,-3
300,1,2,2,4,1,1,3,2,5,4,6,3,5,3,1,4,4,3,2,5,4,-3,-3,-3,-3,-3,-3,-3,-3,-3,-3,-3,-3,-3,-3,-3,-3,-3,-3
301,1,1,1,4,1,3,2,2,-3,-3,-3,-3,-3,-3,-3,-3,-3,-3,-3,-3,-3,-3,-3,-3,-3,-3,-3,-3,-3,-3,-3,-3,-3,-3,0,0,1,0,0
302,1,3,1,4,1,3,2,1,-3,-3,-3,-3,-3,-3,-3,-3,-3,-3,-3,-3,-3,-3,-3,-3,-3,-3,-3,-3,-3,-3,-3,-3,-3,-3,1,1,0,0,0
303,2,1,1,1,1,3,1,2,-3,-3,-3,-3,-3,-3,-3,-3,-3,-3,-3,-3,-3,-3,-3,-3,-3,-3,-3,-3,-3,-3,-3,-3,-3,-3,1,1,0,0,0
304,2,2,2,4,1,3,4,4,-3,-3,-3,-3,-3,-3,-3,-3,-3,-3,-3,-3,-3,-3,-3,-3,-3,-3,-3,-3,-3,-3,-3,-3,-3,-3,0,1,0,0,0
305,1,1,1,5,1,2,2,4,-3,-3,-3,-3,-3,-3,-3,-3,-3,-3,-3,-3,-3,7,7,7,7,7,7,4,3,7,3,2,5,6,-3,-3,-3,-3,-3
306,2,1,1,1,1,2,4,4,-3,-3,-3,-3,-3,-3,-3,-3,-3,-3,-3,-3,-3,4,5,5,5,5,5,5,5,5,5,3,5,5,-3,-3,-3,-3,-3
307,1,1,1,5,1,1,3,2,3,6,7,7,7,7,3,3,5,5,5,5,4,-3,-3,-3,-3,-3,-3,-3,-3,-3,-3,-3,-3,-3,-3,-3,-3,-3,-3
308,2,2,2,2,2,2,1,4,-3,-3,-3,-3,-3,-3,-3,-3,-3,-3,-3,-3,-3,1,7,7,7,7,7,7,7,7,7,7,7,7,-3,-3,-3,-3,-3
309,2,2,2,4,1,3,4,4,-3,-3,-3,-3,-3,-3,-3,-3,-3,-3,-3,-3,-3,-3,-3,-3,-3,-3,-3,-3,-3,-3,-3,-3,-3,-3,1,0,1,0,0
310,2,2,1,5,1,1,4,2,7,7,7,7,7,7,6,7,7,6,7,7,7,-3,-3,-3,-3,-3,-3,-3,-3,-3,-3,-3,-3,-3,-3,-3,-3,-3,-3
311,2,1,1,1,2,2,1,4,-3,-3,-3,-3,-3,-3,-3,-3,-3,-3,-3,-3,-3,4,7,7,7,7,7,5,5,7,7,5,7,5,-3,-3,-3,-3,-3
312,2,1,3,1,3,3,2,2,-3,-3,-3,-3,-3,-3,-3,-3,-3,-3,-3,-3,-3,-3,-3,-3,-3,-3,-3,-3,-3,-3,-3,-3,-3,-3,1,0,0,0,0
313,2,1,1,3,1,2,1,3,-3,-3,-3,-3,-3,-3,-3,-3,-3,-3,-3,-3,-3,5,7,7,7,7,4,4,4,6,6,6,7,5,-3,-3,-3,-3,-3
314,2,2,2,4,1,1,3,2,4,6,7,7,4,3,2,5,4,6,5,4,4,-3,-3,-3,-3,-3,-3,-3,-3,-3,-3,-3,-3,-3,-3,-3,-3,-3,-3
315,1,2,2,3,1,2,1,2,-3,-3,-3,-3,-3,-3,-3,-3,-3,-3,-3,-3,-3,4,6,6,7,7,5,4,6,7,5,5,6,6,-3,-3,-3,-3,-3
